codigo_produto,Produto,Categoria,Tipo,Quantidade,Preco,Calorias,Proteinas,Carboidratos,Fibras,Gorduras1,maça,fruta,12.000000,10.000000,1.000000,1.000000,1.000000,1.000000,1.000000
2,leite,in natura,u,8.000000,10.000000,2.000000,2.000000,2.000000,2.000000,2.000000
3,maça,fruta,q,10.000000,12.000000,1.000000,1.000000,1.000000,1.000000,1.000000
4,pepino,legumes,
,12.000000,10.000000,1.000000,1.000000,1.000000,1.000000,1.000000
