codigo_produto,Produto,Categoria,Quantidade,Preco,Calorias,Proteinas,Carboidratos,Fibras,Gorduras1,maça,fruta,12.000000,10.000000,1.000000,1.000000,1.000000,1.000000,1.000000
2,leite,in natura,8.000000,10.000000,2.000000,2.000000,2.000000,2.000000,2.000000
